{"stats":{"minecraft:mined":{"minecraft:torch":5,"minecraft:spruce_log":27,"minecraft:bush":1,"minecraft:podzol":18,"minecraft:coal_ore":6,"minecraft:hay_block":8,"minecraft:cobblestone":2,"minecraft:white_bed":3,"minecraft:short_grass":15,"minecraft:pink_tulip":2,"minecraft:spruce_planks":1,"minecraft:furnace":2,"minecraft:crafting_table":5,"minecraft:leaf_litter":6,"minecraft:sweet_berry_bush":1,"minecraft:tall_grass":1,"minecraft:dirt":43,"minecraft:mossy_cobblestone":6,"minecraft:birch_leaves":2,"minecraft:grass_block":45,"minecraft:spruce_leaves":12,"minecraft:wall_torch":3,"minecraft:fern":8,"minecraft:oak_log":36,"minecraft:iron_ore":5,"minecraft:stone":236,"minecraft:white_tulip":1},"minecraft:killed_by":{"minecraft:skeleton":1,"minecraft:player":1,"minecraft:creeper":3,"minecraft:spider":1},"minecraft:custom":{"minecraft:time_since_rest":19710,"minecraft:leave_game":2,"minecraft:damage_taken":3731,"minecraft:mob_kills":13,"minecraft:time_since_death":19568,"minecraft:interact_with_furnace":10,"minecraft:sleep_in_bed":7,"minecraft:total_world_time":157039,"minecraft:swim_one_cm":85152,"minecraft:crouch_one_cm":328,"minecraft:deaths":7,"minecraft:climb_one_cm":1112,"minecraft:interact_with_campfire":2,"minecraft:damage_blocked_by_shield":830,"minecraft:interact_with_crafting_table":19,"minecraft:walk_one_cm":647699,"minecraft:horse_one_cm":362,"minecraft:walk_under_water_one_cm":19918,"minecraft:play_time":157039,"minecraft:damage_dealt":2781,"minecraft:jump":2380,"minecraft:drop":20,"minecraft:sprint_one_cm":501617,"minecraft:open_chest":3,"minecraft:fall_one_cm":45470,"minecraft:fly_one_cm":221485,"minecraft:walk_on_water_one_cm":46525,"minecraft:sneak_time":90},"minecraft:killed":{"minecraft:salmon":1,"minecraft:zombie":5,"minecraft:skeleton":1,"minecraft:chicken":1,"minecraft:sheep":1,"minecraft:cow":1,"minecraft:spider":2},"minecraft:used":{"minecraft:stone_axe":58,"minecraft:birch_sapling":1,"minecraft:leaf_litter":11,"minecraft:iron_leggings":1,"minecraft:shield":30,"minecraft:mossy_cobblestone":6,"minecraft:potato":2,"minecraft:iron_sword":63,"minecraft:spruce_log":1,"minecraft:stone_shovel":97,"minecraft:salmon":1,"minecraft:furnace":3,"minecraft:mutton":2,"minecraft:bread":3,"minecraft:torch":16,"minecraft:dirt":102,"minecraft:iron_boots":1,"minecraft:stone_sword":18,"minecraft:sweet_berries":28,"minecraft:chicken":1,"minecraft:spruce_planks":14,"minecraft:black_wool":1,"minecraft:wooden_pickaxe":74,"minecraft:cobblestone":2,"minecraft:cooked_beef":18,"minecraft:crafting_table":8,"minecraft:iron_helmet":3,"minecraft:iron_chestplate":1,"minecraft:beef":1,"minecraft:oak_planks":1,"minecraft:oak_sapling":2,"minecraft:egg":6,"minecraft:white_bed":2,"minecraft:stone_pickaxe":205},"minecraft:dropped":{"minecraft:rotten_flesh":12,"minecraft:wheat_seeds":1,"minecraft:oak_planks":12,"minecraft:bread":1,"minecraft:cooked_mutton":4,"minecraft:string":2,"minecraft:bone":2,"minecraft:iron_sword":2,"minecraft:dirt":3,"minecraft:egg":1,"minecraft:oak_sapling":1},"minecraft:picked_up":{"minecraft:spruce_planks":1,"minecraft:sweet_berries":51,"minecraft:spruce_sapling":2,"minecraft:dirt":119,"minecraft:cobblestone":253,"minecraft:white_bed":5,"minecraft:leather":1,"minecraft:torch":38,"minecraft:bone":8,"minecraft:pink_tulip":1,"minecraft:spruce_log":27,"minecraft:iron_boots":1,"minecraft:leaf_litter":11,"minecraft:coal":7,"minecraft:stone_pickaxe":1,"minecraft:cooked_mutton":6,"minecraft:oak_log":36,"minecraft:furnace":2,"minecraft:iron_sword":3,"minecraft:wheat_seeds":2,"minecraft:shield":1,"minecraft:spider_eye":1,"minecraft:egg":9,"minecraft:salmon":1,"minecraft:wooden_pickaxe":1,"minecraft:stick":14,"minecraft:birch_sapling":1,"minecraft:cooked_beef":33,"minecraft:white_wool":2,"minecraft:black_wool":1,"minecraft:oak_planks":13,"minecraft:chicken":1,"minecraft:bow":1,"minecraft:crafting_table":6,"minecraft:arrow":3,"minecraft:oak_sapling":3,"minecraft:iron_ingot":12,"minecraft:rotten_flesh":17,"minecraft:raw_iron":5,"minecraft:beef":1,"minecraft:hay_block":7,"minecraft:string":7,"minecraft:stone_sword":1,"minecraft:stone_axe":1,"minecraft:mossy_cobblestone":6,"minecraft:mutton":6,"minecraft:iron_helmet":2},"minecraft:crafted":{"minecraft:stone_sword":2,"minecraft:furnace":2,"minecraft:stone_shovel":1,"minecraft:stone_pickaxe":2,"minecraft:bread":21,"minecraft:iron_chestplate":1,"minecraft:crafting_table":4,"minecraft:torch":16,"minecraft:stick":30,"minecraft:charcoal":16,"minecraft:wooden_pickaxe":2,"minecraft:shield":2,"minecraft:stone_axe":2,"minecraft:oak_planks":48,"minecraft:iron_helmet":1,"minecraft:spruce_planks":72,"minecraft:iron_sword":2,"minecraft:wheat":63}},"DataVersion":4325}