{"stats":{"minecraft:crafted":{"minecraft:torch":4,"minecraft:furnace":2,"minecraft:stick":12,"minecraft:wooden_pickaxe":2,"minecraft:cooked_beef":2,"minecraft:stone_axe":1,"minecraft:oak_planks":40,"minecraft:cooked_chicken":2,"minecraft:cooked_porkchop":10,"minecraft:stone_pickaxe":1,"minecraft:crafting_table":2},"minecraft:killed":{"minecraft:salmon":7,"minecraft:zombie":2,"minecraft:skeleton":1,"minecraft:chicken":3,"minecraft:pig":4,"minecraft:cow":2},"minecraft:dropped":{"minecraft:rotten_flesh":1},"minecraft:custom":{"minecraft:interact_with_crafting_table":9,"minecraft:time_since_rest":275,"minecraft:walk_one_cm":59513,"minecraft:leave_game":1,"minecraft:walk_under_water_one_cm":5527,"minecraft:mob_kills":19,"minecraft:damage_taken":745,"minecraft:play_time":29576,"minecraft:damage_dealt":1628,"minecraft:jump":437,"minecraft:time_since_death":193,"minecraft:drop":1,"minecraft:interact_with_furnace":10,"minecraft:sprint_one_cm":62994,"minecraft:fall_one_cm":13425,"minecraft:total_world_time":29576,"minecraft:swim_one_cm":8263,"minecraft:fly_one_cm":65183,"minecraft:walk_on_water_one_cm":1652,"minecraft:crouch_one_cm":7101,"minecraft:sneak_time":4467,"minecraft:deaths":1},"minecraft:picked_up":{"minecraft:egg":1,"minecraft:porkchop":10,"minecraft:salmon":6,"minecraft:dirt":11,"minecraft:cobblestone":40,"minecraft:feather":6,"minecraft:oak_planks":13,"minecraft:chicken":3,"minecraft:leather":3,"minecraft:crafting_table":1,"minecraft:arrow":2,"minecraft:bone":2,"minecraft:beef":3,"minecraft:rotten_flesh":1,"minecraft:coal":60,"minecraft:oak_log":31,"minecraft:furnace":1},"minecraft:used":{"minecraft:stone_axe":74,"minecraft:cooked_beef":1,"minecraft:crafting_table":2,"minecraft:wooden_pickaxe":14,"minecraft:oak_planks":15,"minecraft:furnace":2,"minecraft:egg":1,"minecraft:cooked_porkchop":3,"minecraft:torch":1,"minecraft:stone_pickaxe":68,"minecraft:dirt":11,"minecraft:cobblestone":1},"minecraft:mined":{"minecraft:bush":2,"minecraft:dirt":5,"minecraft:birch_leaves":2,"minecraft:grass_block":6,"minecraft:coal_ore":41,"minecraft:oak_planks":13,"minecraft:cobblestone":1,"minecraft:short_grass":5,"minecraft:oak_leaves":5,"minecraft:furnace":1,"minecraft:crafting_table":1,"minecraft:oak_log":31,"minecraft:stone":39}},"DataVersion":4325}