{"stats":{"minecraft:crafted":{"minecraft:furnace":2,"minecraft:stick":8,"minecraft:wooden_pickaxe":2,"minecraft:stone_axe":1,"minecraft:oak_planks":40,"minecraft:cooked_porkchop":2,"minecraft:stone_pickaxe":1,"minecraft:crafting_table":2},"minecraft:killed":{"minecraft:zombie":2,"minecraft:chicken":1,"minecraft:pig":4,"minecraft:cow":1},"minecraft:dropped":{"minecraft:rotten_flesh":1},"minecraft:custom":{"minecraft:interact_with_crafting_table":8,"minecraft:time_since_rest":18000,"minecraft:walk_one_cm":39853,"minecraft:mob_kills":8,"minecraft:damage_taken":215,"minecraft:play_time":18000,"minecraft:damage_dealt":926,"minecraft:jump":260,"minecraft:time_since_death":18000,"minecraft:drop":1,"minecraft:interact_with_furnace":7,"minecraft:sprint_one_cm":36028,"minecraft:fall_one_cm":5375,"minecraft:total_world_time":18000,"minecraft:fly_one_cm":40063,"minecraft:walk_on_water_one_cm":129,"minecraft:crouch_one_cm":3264,"minecraft:sneak_time":2961},"minecraft:picked_up":{"minecraft:egg":1,"minecraft:porkchop":10,"minecraft:coal":41,"minecraft:dirt":7,"minecraft:oak_log":10,"minecraft:cobblestone":26,"minecraft:feather":2,"minecraft:oak_planks":13,"minecraft:chicken":1,"minecraft:leather":1,"minecraft:beef":2,"minecraft:rotten_flesh":1},"minecraft:used":{"minecraft:stone_axe":22,"minecraft:crafting_table":2,"minecraft:wooden_pickaxe":14,"minecraft:oak_planks":15,"minecraft:furnace":2,"minecraft:egg":1,"minecraft:cooked_porkchop":2,"minecraft:stone_pickaxe":53,"minecraft:dirt":7},"minecraft:mined":{"minecraft:short_grass":4,"minecraft:oak_leaves":1,"minecraft:bush":2,"minecraft:dirt":1,"minecraft:oak_log":10,"minecraft:grass_block":6,"minecraft:coal_ore":41,"minecraft:oak_planks":13,"minecraft:stone":26}},"DataVersion":4325}