{"stats":{"minecraft:crafted":{"minecraft:stick":4,"minecraft:oak_planks":16},"minecraft:custom":{"minecraft:time_since_rest":6000,"minecraft:walk_one_cm":8753,"minecraft:damage_taken":215,"minecraft:damage_dealt":296,"minecraft:play_time":6000,"minecraft:jump":117,"minecraft:time_since_death":6000,"minecraft:sprint_one_cm":12393,"minecraft:fall_one_cm":2875,"minecraft:total_world_time":6000,"minecraft:fly_one_cm":18508,"minecraft:walk_on_water_one_cm":129,"minecraft:crouch_one_cm":1498,"minecraft:sneak_time":1972},"minecraft:picked_up":{"minecraft:egg":1,"minecraft:oak_log":4,"minecraft:oak_planks":1},"minecraft:used":{"minecraft:oak_planks":15,"minecraft:egg":1},"minecraft:mined":{"minecraft:short_grass":1,"minecraft:oak_leaves":1,"minecraft:dirt":1,"minecraft:oak_log":4,"minecraft:grass_block":5,"minecraft:oak_planks":1}},"DataVersion":4325}