{"stats":{"minecraft:mined":{"minecraft:dispenser":2,"minecraft:lever":1,"minecraft:warped_wart_block":4,"minecraft:spruce_log":61,"minecraft:nether_quartz_ore":71,"minecraft:chest":2,"minecraft:warped_roots":3,"minecraft:netherrack":2059,"minecraft:oak_slab":29,"minecraft:lectern":97,"minecraft:gravel":15,"minecraft:short_grass":24,"minecraft:oak_button":2,"minecraft:crafting_table":5,"minecraft:birch_log":51,"minecraft:leaf_litter":2,"minecraft:twisting_vines_plant":9,"minecraft:large_fern":1,"minecraft:obsidian":10,"minecraft:tnt":1,"minecraft:firefly_bush":7,"minecraft:orange_tulip":8,"minecraft:white_concrete":1,"minecraft:blackstone":11,"minecraft:sticky_piston":2,"minecraft:birch_leaves":1,"minecraft:repeater":2,"minecraft:blast_furnace":1,"minecraft:glowstone":3,"minecraft:gold_block":2,"minecraft:wall_torch":1,"minecraft:yellow_bed":4,"minecraft:fire":3,"minecraft:stone_brick_stairs":1,"minecraft:warped_fungus":1,"minecraft:warped_stem":53,"minecraft:birch_planks":3,"minecraft:oak_sapling":1,"minecraft:iron_ore":11,"minecraft:stone":238,"minecraft:nether_sprouts":3,"minecraft:bush":1,"minecraft:chain":2,"minecraft:glass":15,"minecraft:dandelion":4,"minecraft:coal_ore":43,"minecraft:diorite":27,"minecraft:ancient_debris":3,"minecraft:oak_planks":13,"minecraft:cobblestone":61,"minecraft:white_bed":1,"minecraft:shroomlight":4,"minecraft:pink_tulip":2,"minecraft:white_stained_glass":3,"minecraft:oak_leaves":4,"minecraft:furnace":2,"minecraft:soul_sand":3,"minecraft:bookshelf":20,"minecraft:tall_grass":1,"minecraft:enchanting_table":1,"minecraft:oak_stairs":20,"minecraft:dirt":104,"minecraft:observer":1,"minecraft:grass_block":59,"minecraft:spruce_leaves":42,"minecraft:cobbled_deepslate":4,"minecraft:deepslate":15,"minecraft:oak_wood":7,"minecraft:cornflower":1,"minecraft:oak_log":124,"minecraft:redstone_wire":9,"minecraft:oak_door":2},"minecraft:custom":{"minecraft:time_since_rest":17901,"minecraft:talked_to_villager":137,"minecraft:leave_game":10,"minecraft:damage_taken":3737,"minecraft:mob_kills":106,"minecraft:boat_one_cm":18117,"minecraft:time_since_death":17860,"minecraft:interact_with_furnace":21,"minecraft:sleep_in_bed":18,"minecraft:inspect_dispenser":42,"minecraft:swim_one_cm":17429,"minecraft:total_world_time":339907,"minecraft:crouch_one_cm":104641,"minecraft:deaths":2,"minecraft:climb_one_cm":3035,"minecraft:enchant_item":1,"minecraft:traded_with_villager":145,"minecraft:damage_blocked_by_shield":390,"minecraft:interact_with_crafting_table":52,"minecraft:walk_one_cm":629051,"minecraft:walk_under_water_one_cm":9251,"minecraft:damage_dealt":12998,"minecraft:play_time":339907,"minecraft:jump":5623,"minecraft:drop":91,"minecraft:sprint_one_cm":345925,"minecraft:open_chest":122,"minecraft:fall_one_cm":158043,"minecraft:fly_one_cm":822986,"minecraft:interact_with_anvil":4,"minecraft:walk_on_water_one_cm":19622,"minecraft:sneak_time":36535,"minecraft:interact_with_blast_furnace":2},"minecraft:killed":{"minecraft:zombie":25,"minecraft:skeleton":11,"minecraft:wither_skeleton":1,"minecraft:creeper":1,"minecraft:sheep":50,"minecraft:cow":14,"minecraft:spider":3},"minecraft:broken":{"minecraft:iron_axe":1,"minecraft:stone_pickaxe":1},"minecraft:used":{"minecraft:stone_axe":45,"minecraft:grass_block":5,"minecraft:iron_axe":455,"minecraft:birch_door":2,"minecraft:leaf_litter":3,"minecraft:string":13,"minecraft:repeater":41,"minecraft:observer":12,"minecraft:pink_tulip":2,"minecraft:shield":11,"minecraft:oak_boat":6,"minecraft:tnt":7,"minecraft:iron_sword":210,"minecraft:golden_carrot":2,"minecraft:sticky_piston":12,"minecraft:diamond_pickaxe":2384,"minecraft:cooked_mutton":2,"minecraft:bookshelf":44,"minecraft:glass":59,"minecraft:glass_pane":12,"minecraft:lantern":8,"minecraft:light_gray_wool":3,"minecraft:iron_shovel":174,"minecraft:piston":12,"minecraft:birch_fence":1,"minecraft:oak_wood":37,"minecraft:firefly_bush":1,"minecraft:redstone":132,"minecraft:black_wool":1,"minecraft:oak_slab":414,"minecraft:wooden_pickaxe":26,"minecraft:white_stained_glass":10,"minecraft:oak_log":28,"minecraft:cobblestone":75,"minecraft:stone":57,"minecraft:villager_spawn_egg":3,"minecraft:chain":7,"minecraft:crafting_table":9,"minecraft:blackstone":7,"minecraft:iron_chestplate":1,"minecraft:white_bed":2,"minecraft:stone_pickaxe":166,"minecraft:bow":1,"minecraft:oak_door":2,"minecraft:iron_leggings":1,"minecraft:cobbled_deepslate":4,"minecraft:netherrack":192,"minecraft:yellow_bed":5,"minecraft:birch_planks":31,"minecraft:water_bucket":11,"minecraft:slime_block":3,"minecraft:soul_sand":3,"minecraft:experience_bottle":185,"minecraft:anvil":2,"minecraft:furnace":4,"minecraft:torch":2,"minecraft:dirt":318,"minecraft:compass":4,"minecraft:iron_boots":1,"minecraft:obsidian":12,"minecraft:lever":4,"minecraft:white_concrete":3,"minecraft:oak_button":6,"minecraft:lodestone":1,"minecraft:spruce_planks":28,"minecraft:oak_leaves":1,"minecraft:tripwire_hook":8,"minecraft:dark_oak_door":2,"minecraft:dispenser":4,"minecraft:gravel":14,"minecraft:twisting_vines":3,"minecraft:gray_wool":4,"minecraft:oak_stairs":69,"minecraft:lectern":102,"minecraft:cooked_beef":48,"minecraft:stone_brick_stairs":1,"minecraft:flint_and_steel":1,"minecraft:bucket":4,"minecraft:chest":14,"minecraft:splash_potion":4,"minecraft:enchanting_table":2,"minecraft:oak_planks":62,"minecraft:spruce_sapling":2,"minecraft:brown_wool":1,"minecraft:oak_sapling":1,"minecraft:egg":2,"minecraft:warped_wart_block":4},"minecraft:dropped":{"minecraft:oak_button":9,"minecraft:rotten_flesh":12,"minecraft:oak_planks":46,"minecraft:rabbit_hide":1,"minecraft:stonecutter":2,"minecraft:bow":1,"minecraft:gravel":1,"minecraft:orange_tulip":7,"minecraft:cobbled_deepslate":1,"minecraft:lantern":76,"minecraft:glass":164,"minecraft:dirt":3,"minecraft:egg":2,"minecraft:obsidian":1,"minecraft:wheat_seeds":4,"minecraft:iron_ingot":10,"minecraft:compass":2,"minecraft:chest":2,"minecraft:chain":320,"minecraft:enchanted_book":2,"minecraft:soul_sand":2,"minecraft:cooked_beef":16,"minecraft:leaf_litter":192,"minecraft:diamond_pickaxe":3,"minecraft:string":4,"minecraft:arrow":3,"minecraft:spruce_sapling":3,"minecraft:white_bed":1,"minecraft:spider_eye":2,"minecraft:firefly_bush":5,"minecraft:netherrack":66,"minecraft:yellow_dye":3,"minecraft:cooked_mutton":45,"minecraft:oak_door":2,"minecraft:diorite":23},"minecraft:picked_up":{"minecraft:name_tag":1,"minecraft:enchanting_table":1,"minecraft:cobblestone":334,"minecraft:bone":16,"minecraft:redstone":86,"minecraft:cooked_mutton":82,"minecraft:firefly_bush":6,"minecraft:iron_sword":3,"minecraft:emerald":6,"minecraft:book":96,"minecraft:shroomlight":4,"minecraft:gold_block":2,"minecraft:bow":1,"minecraft:arrow":7,"minecraft:iron_ingot":47,"minecraft:observer":1,"minecraft:dandelion":4,"minecraft:mutton":71,"minecraft:iron_chestplate":2,"minecraft:spruce_planks":26,"minecraft:oak_wood":7,"minecraft:dirt":347,"minecraft:brown_wool":1,"minecraft:rabbit_hide":1,"minecraft:iron_shovel":2,"minecraft:torch":2,"minecraft:diamond_pickaxe":4,"minecraft:cobblestone_stairs":2,"minecraft:spruce_log":92,"minecraft:iron_boots":2,"minecraft:oak_stairs":19,"minecraft:coal":79,"minecraft:oak_log":267,"minecraft:birch_planks":16,"minecraft:furnace":2,"minecraft:wheat_seeds":4,"minecraft:oak_door":4,"minecraft:tnt":1,"minecraft:iron_pickaxe":2,"minecraft:egg":4,"minecraft:iron_leggings":2,"minecraft:birch_sapling":1,"minecraft:cooked_beef":22,"minecraft:feather":2,"minecraft:white_wool":44,"minecraft:warped_wart_block":4,"minecraft:blast_furnace":2,"minecraft:oak_button":8,"minecraft:string":18,"minecraft:obsidian":32,"minecraft:chain":2,"minecraft:iron_helmet":2,"minecraft:soul_sand":3,"minecraft:carrot":2,"minecraft:spruce_sapling":33,"minecraft:rabbit":1,"minecraft:tripwire_hook":6,"minecraft:leather":10,"minecraft:pink_tulip":2,"minecraft:orange_tulip":7,"minecraft:water_bucket":2,"minecraft:stick":41,"minecraft:white_concrete":1,"minecraft:black_wool":1,"minecraft:twisting_vines":21,"minecraft:repeater":8,"minecraft:iron_axe":3,"minecraft:raw_iron":9,"minecraft:cobbled_deepslate":50,"minecraft:birch_fence":1,"minecraft:glowstone_dust":11,"minecraft:pumpkin_seeds":19,"minecraft:chest":7,"minecraft:lectern":97,"minecraft:blackstone":9,"minecraft:yellow_bed":4,"minecraft:netherrack":1068,"minecraft:lever":2,"minecraft:gravel":15,"minecraft:light_gray_wool":3,"minecraft:lodestone":2,"minecraft:leaf_litter":389,"minecraft:birch_log":166,"minecraft:shield":1,"minecraft:sticky_piston":2,"minecraft:pumpkin":6,"minecraft:spider_eye":2,"minecraft:diorite":23,"minecraft:oak_boat":4,"minecraft:oak_planks":111,"minecraft:flint_and_steel":2,"minecraft:crafting_table":6,"minecraft:oak_sapling":11,"minecraft:dispenser":2,"minecraft:warped_stem":50,"minecraft:stone_brick_stairs":1,"minecraft:rotten_flesh":21,"minecraft:beef":29,"minecraft:ancient_debris":1,"minecraft:apple":1,"minecraft:oak_slab":233,"minecraft:gray_wool":4},"minecraft:crafted":{"minecraft:lantern":12,"minecraft:yellow_dye":4,"minecraft:birch_planks":8,"minecraft:stone_pickaxe":2,"minecraft:cooked_mutton":64,"minecraft:stick":20,"minecraft:wooden_pickaxe":1,"minecraft:cooked_beef":37,"minecraft:oak_door":3,"minecraft:compass":3,"minecraft:oak_slab":462,"minecraft:yellow_bed":1,"minecraft:birch_door":3,"minecraft:chest":5,"minecraft:bookshelf":41,"minecraft:oak_wood":24,"minecraft:air":0,"minecraft:emerald":52,"minecraft:bucket":1,"minecraft:furnace":2,"minecraft:oak_stairs":72,"minecraft:iron_ingot":8,"minecraft:glass":48,"minecraft:crafting_table":4,"minecraft:white_bed":4,"minecraft:enchanted_book":23,"minecraft:oak_button":4,"minecraft:shield":1,"minecraft:stone_axe":1,"minecraft:oak_planks":540,"minecraft:spruce_planks":16,"minecraft:iron_pickaxe":1,"minecraft:iron_sword":2,"minecraft:name_tag":2,"minecraft:iron_axe":4}},"DataVersion":4325}