{"stats":{"minecraft:mined":{"minecraft:torch":2,"minecraft:spore_blossom":4,"minecraft:spruce_log":517,"minecraft:chest":2,"minecraft:netherrack":84,"minecraft:gravel":1,"minecraft:short_grass":19,"minecraft:spruce_planks":5,"minecraft:crafting_table":12,"minecraft:leaf_litter":148,"minecraft:oxeye_daisy":1,"minecraft:sweet_berry_bush":14,"minecraft:stripped_oak_log":4,"minecraft:large_fern":7,"minecraft:coarse_dirt":2,"minecraft:copper_ore":7,"minecraft:blue_bed":1,"minecraft:cave_vines":9,"minecraft:firefly_bush":3,"minecraft:andesite":5,"minecraft:blast_furnace":1,"minecraft:cave_vines_plant":5,"minecraft:moss_block":5,"minecraft:deepslate_gold_ore":7,"minecraft:wall_torch":8,"minecraft:fern":5,"minecraft:fire":6,"minecraft:kelp_plant":2,"minecraft:smithing_table":1,"minecraft:deepslate_diamond_ore":1,"minecraft:deepslate_iron_ore":13,"minecraft:iron_ore":134,"minecraft:stone":196,"minecraft:glass_pane":4,"minecraft:granite":22,"minecraft:spruce_fence":2,"minecraft:podzol":1,"minecraft:glass":4,"minecraft:dandelion":1,"minecraft:azalea_leaves":2,"minecraft:coal_ore":158,"minecraft:wheat":9,"minecraft:diorite":13,"minecraft:oak_planks":21,"minecraft:cobblestone":7,"minecraft:white_bed":7,"minecraft:oak_leaves":7,"minecraft:furnace":16,"minecraft:light_gray_wool":1,"minecraft:tall_grass":21,"minecraft:dirt":155,"minecraft:cobblestone_wall":4,"minecraft:mossy_cobblestone":1,"minecraft:grass_block":201,"minecraft:spruce_leaves":46,"minecraft:white_wool":5,"minecraft:moss_carpet":10,"minecraft:tuff":1,"minecraft:ladder":10,"minecraft:deepslate":6,"minecraft:sand":93,"minecraft:spruce_slab":45,"minecraft:cornflower":2,"minecraft:oak_log":108,"minecraft:lightning_rod":1,"minecraft:lapis_ore":6},"minecraft:picked_up":{"minecraft:cobblestone_wall":4,"minecraft:sweet_berries":77,"minecraft:cobblestone":415,"minecraft:glass":196,"minecraft:flint":1,"minecraft:bone":37,"minecraft:cooked_mutton":36,"minecraft:glow_berries":7,"minecraft:lantern":2,"minecraft:firefly_bush":10,"minecraft:diamond":2,"minecraft:iron_sword":3,"minecraft:granite":56,"minecraft:armor_stand":4,"minecraft:bow":10,"minecraft:arrow":43,"minecraft:iron_ingot":5,"minecraft:spruce_slab":56,"minecraft:spore_blossom":4,"minecraft:raw_gold":7,"minecraft:dandelion":1,"minecraft:mutton":51,"minecraft:iron_chestplate":5,"minecraft:spruce_planks":5,"minecraft:dirt":471,"minecraft:light_gray_dye":1,"minecraft:blue_egg":2,"minecraft:brown_wool":1,"minecraft:rail":2,"minecraft:torch":90,"minecraft:bread":52,"minecraft:spruce_log":521,"minecraft:iron_boots":2,"minecraft:oxeye_daisy":3,"minecraft:coal":315,"minecraft:oak_log":120,"minecraft:sand":92,"minecraft:furnace":16,"minecraft:wheat_seeds":141,"minecraft:iron_pickaxe":5,"minecraft:seagrass":2,"minecraft:egg":2,"minecraft:iron_leggings":2,"minecraft:cooked_beef":87,"minecraft:white_wool":28,"minecraft:spruce_fence":2,"minecraft:red_mushroom":1,"minecraft:blast_furnace":1,"minecraft:andesite":5,"minecraft:string":24,"minecraft:smithing_table":6,"minecraft:ladder":10,"minecraft:cornflower":1,"minecraft:iron_helmet":4,"minecraft:spruce_sapling":139,"minecraft:white_bed":8,"minecraft:stripped_oak_log":4,"minecraft:leather":86,"minecraft:water_bucket":3,"minecraft:stone_pickaxe":5,"minecraft:moss_carpet":13,"minecraft:gold_ingot":12,"minecraft:iron_horse_armor":2,"minecraft:lightning_rod":1,"minecraft:porkchop":28,"minecraft:stick":132,"minecraft:black_wool":5,"minecraft:moss_block":5,"minecraft:cooked_porkchop":21,"minecraft:kelp":26,"minecraft:raw_iron":194,"minecraft:cobbled_deepslate":10,"minecraft:stone_axe":2,"minecraft:wheat":53,"minecraft:spruce_door":1,"minecraft:gunpowder":16,"minecraft:chest":2,"minecraft:yellow_bed":1,"minecraft:netherrack":84,"minecraft:stone":11,"minecraft:gravel":11,"minecraft:light_gray_wool":1,"minecraft:tuff":1,"minecraft:leaf_litter":580,"minecraft:potato":1,"minecraft:shield":1,"minecraft:lapis_lazuli":40,"minecraft:compass":4,"minecraft:spider_eye":2,"minecraft:diorite":13,"minecraft:wooden_pickaxe":1,"minecraft:oak_planks":89,"minecraft:blue_dye":1,"minecraft:crafting_table":13,"minecraft:raw_copper":24,"minecraft:oak_sapling":6,"minecraft:rotten_flesh":135,"minecraft:beef":47,"minecraft:apple":2,"minecraft:blue_bed":1},"minecraft:killed_by":{"minecraft:skeleton":2,"minecraft:player":1,"minecraft:creeper":1,"minecraft:zombie":2},"minecraft:killed":{"minecraft:llama":1,"minecraft:zombie":47,"minecraft:skeleton":28,"minecraft:cave_spider":1,"minecraft:turtle":1,"minecraft:creeper":4,"minecraft:sheep":28,"minecraft:pig":14,"minecraft:cow":25,"minecraft:spider":7},"minecraft:dropped":{"minecraft:rotten_flesh":23,"minecraft:stone_shovel":2,"minecraft:oak_planks":1,"minecraft:iron_helmet":2,"minecraft:sweet_berries":17,"minecraft:iron_chestplate":1,"minecraft:wheat":1,"minecraft:torch":60,"minecraft:gravel":3,"minecraft:glass":32,"minecraft:white_wool":2,"minecraft:dirt":22,"minecraft:leather":2,"minecraft:compass":1,"minecraft:granite":4,"minecraft:stone_pickaxe":1,"minecraft:armor_stand":2,"minecraft:coal":6,"minecraft:oak_sapling":3,"minecraft:cooked_beef":17,"minecraft:string":13,"minecraft:wooden_pickaxe":1,"minecraft:seagrass":2,"minecraft:lightning_rod":1,"minecraft:iron_sword":1,"minecraft:white_bed":1,"minecraft:spruce_log":1,"minecraft:firefly_bush":1,"minecraft:netherrack":84,"minecraft:iron_boots":1},"minecraft:custom":{"minecraft:time_since_rest":7668,"minecraft:leave_game":12,"minecraft:damage_taken":6065,"minecraft:mob_kills":162,"minecraft:time_since_death":247384,"minecraft:interact_with_furnace":134,"minecraft:sleep_in_bed":22,"minecraft:interact_with_smithing_table":1,"minecraft:swim_one_cm":90781,"minecraft:total_world_time":536797,"minecraft:crouch_one_cm":123661,"minecraft:deaths":6,"minecraft:climb_one_cm":31575,"minecraft:player_kills":1,"minecraft:interact_with_campfire":10,"minecraft:damage_blocked_by_shield":2267,"minecraft:interact_with_crafting_table":86,"minecraft:walk_one_cm":1692441,"minecraft:horse_one_cm":4214,"minecraft:walk_under_water_one_cm":48312,"minecraft:damage_dealt":23536,"minecraft:play_time":536797,"minecraft:jump":7729,"minecraft:drop":61,"minecraft:sprint_one_cm":1024781,"minecraft:open_chest":88,"minecraft:interact_with_smoker":1,"minecraft:fall_one_cm":188836,"minecraft:fly_one_cm":1024492,"minecraft:walk_on_water_one_cm":62426,"minecraft:sneak_time":43907,"minecraft:interact_with_blast_furnace":4},"minecraft:crafted":{"minecraft:wooden_axe":1,"minecraft:stone_shovel":5,"minecraft:yellow_dye":1,"minecraft:gold_ingot":7,"minecraft:stone_pickaxe":2,"minecraft:cooked_mutton":36,"minecraft:spruce_door":3,"minecraft:iron_chestplate":1,"minecraft:glass_pane":64,"minecraft:stick":76,"minecraft:wooden_pickaxe":1,"minecraft:spruce_slab":418,"minecraft:cooked_beef":39,"minecraft:blue_dye":1,"minecraft:cooked_porkchop":28,"minecraft:chest":4,"minecraft:cobblestone_wall":30,"minecraft:light_gray_dye":1,"minecraft:air":0,"minecraft:bow":3,"minecraft:bucket":3,"minecraft:bone_meal":45,"minecraft:furnace":3,"minecraft:ladder":6,"minecraft:iron_ingot":123,"minecraft:bread":2,"minecraft:glass":161,"minecraft:moss_carpet":6,"minecraft:crafting_table":2,"minecraft:torch":164,"minecraft:white_bed":1,"minecraft:spruce_fence":15,"minecraft:shield":1,"minecraft:stone_axe":9,"minecraft:oak_planks":396,"minecraft:spruce_planks":280,"minecraft:iron_pickaxe":4,"minecraft:iron_sword":2,"minecraft:smoker":1},"minecraft:broken":{"minecraft:stone_shovel":2,"minecraft:iron_helmet":1,"minecraft:stone_axe":5,"minecraft:iron_pickaxe":2,"minecraft:stone_pickaxe":1},"minecraft:used":{"minecraft:stone_axe":819,"minecraft:leaf_litter":331,"minecraft:spruce_fence":14,"minecraft:shield":58,"minecraft:iron_pickaxe":508,"minecraft:iron_sword":270,"minecraft:wheat_seeds":7,"minecraft:glow_berries":16,"minecraft:wooden_axe":20,"minecraft:cooked_mutton":30,"minecraft:glass":134,"minecraft:ladder":16,"minecraft:glass_pane":58,"minecraft:lantern":2,"minecraft:light_gray_wool":1,"minecraft:cooked_porkchop":11,"minecraft:granite":9,"minecraft:blast_furnace":1,"minecraft:sweet_berries":31,"minecraft:lava_bucket":1,"minecraft:cobblestone_wall":34,"minecraft:diorite":9,"minecraft:firefly_bush":8,"minecraft:wooden_pickaxe":24,"minecraft:spruce_door":2,"minecraft:oak_log":4,"minecraft:cobblestone":22,"minecraft:spruce_slab":474,"minecraft:axolotl_bucket":1,"minecraft:crafting_table":14,"minecraft:iron_chestplate":1,"minecraft:white_bed":8,"minecraft:stone_pickaxe":214,"minecraft:bow":10,"minecraft:armor_stand":2,"minecraft:yellow_bed":1,"minecraft:smoker":1,"minecraft:moss_carpet":19,"minecraft:spruce_log":414,"minecraft:stone_shovel":347,"minecraft:spore_blossom":3,"minecraft:water_bucket":166,"minecraft:bone_meal":45,"minecraft:furnace":16,"minecraft:blue_egg":1,"minecraft:bread":15,"minecraft:blue_bed":1,"minecraft:torch":106,"minecraft:dirt":349,"minecraft:sand":3,"minecraft:spruce_planks":39,"minecraft:gravel":5,"minecraft:white_wool":19,"minecraft:rail":2,"minecraft:cooked_beef":21,"minecraft:bucket":172,"minecraft:chest":6,"minecraft:oak_planks":259,"minecraft:spruce_sapling":1,"minecraft:brown_wool":1,"minecraft:oak_sapling":2,"minecraft:egg":2}},"DataVersion":4325}