{"stats":{"minecraft:mined":{"minecraft:short_grass":10,"minecraft:dirt":2,"minecraft:grass_block":3},"minecraft:custom":{"minecraft:time_since_rest":6003,"minecraft:walk_one_cm":8062,"minecraft:leave_game":1,"minecraft:walk_under_water_one_cm":106,"minecraft:damage_taken":90,"minecraft:play_time":6003,"minecraft:jump":104,"minecraft:time_since_death":6003,"minecraft:sprint_one_cm":15665,"minecraft:fall_one_cm":4325,"minecraft:swim_one_cm":7062,"minecraft:total_world_time":6003,"minecraft:fly_one_cm":12859,"minecraft:walk_on_water_one_cm":856,"minecraft:sneak_time":7},"minecraft:used":{"minecraft:dirt":5},"minecraft:picked_up":{"minecraft:dirt":5}},"DataVersion":4325}