{"stats":{"minecraft:killed_by":{"minecraft:player":1,"minecraft:zombie_villager":1,"minecraft:creeper":2,"minecraft:zombie":1},"minecraft:crafted":{"minecraft:stone_sword":1,"minecraft:stone_shovel":4,"minecraft:cooked_chicken":6,"minecraft:birch_fence":3,"minecraft:birch_planks":136,"minecraft:stone_pickaxe":4,"minecraft:stick":32,"minecraft:wooden_pickaxe":1,"minecraft:cooked_beef":6,"minecraft:black_dye":5,"minecraft:cooked_porkchop":14,"minecraft:birch_door":3,"minecraft:chest":4,"minecraft:furnace":2,"minecraft:oak_boat":2,"minecraft:iron_ingot":6,"minecraft:bread":4,"minecraft:glass":64,"minecraft:crafting_table":1,"minecraft:torch":16,"minecraft:white_bed":1,"minecraft:spruce_stairs":4,"minecraft:shield":1,"minecraft:bundle":3,"minecraft:stone_axe":5,"minecraft:oak_planks":88,"minecraft:spruce_planks":292,"minecraft:iron_pickaxe":2,"minecraft:shears":1,"minecraft:birch_stairs":16,"minecraft:black_stained_glass":8},"minecraft:killed":{"minecraft:zombie":6,"minecraft:skeleton":2,"minecraft:creeper":1,"minecraft:chicken":10,"minecraft:sheep":10,"minecraft:pig":12,"minecraft:cow":14,"minecraft:squid":2,"minecraft:spider":4},"minecraft:dropped":{"minecraft:rotten_flesh":2,"minecraft:wheat_seeds":2,"minecraft:brown_mushroom":1,"minecraft:torch":1,"minecraft:leaf_litter":9},"minecraft:custom":{"minecraft:time_since_rest":15808,"minecraft:talked_to_villager":1,"minecraft:leave_game":3,"minecraft:damage_taken":4754,"minecraft:mob_kills":62,"minecraft:boat_one_cm":323475,"minecraft:time_since_death":15786,"minecraft:interact_with_furnace":20,"minecraft:sleep_in_bed":22,"minecraft:swim_one_cm":199597,"minecraft:total_world_time":348315,"minecraft:crouch_one_cm":102212,"minecraft:deaths":9,"minecraft:climb_one_cm":3289,"minecraft:interact_with_loom":4,"minecraft:interact_with_crafting_table":58,"minecraft:walk_one_cm":523867,"minecraft:walk_under_water_one_cm":20277,"minecraft:damage_dealt":6483,"minecraft:play_time":348315,"minecraft:jump":8410,"minecraft:drop":14,"minecraft:bell_ring":6,"minecraft:sprint_one_cm":880527,"minecraft:open_chest":53,"minecraft:fall_one_cm":288506,"minecraft:fly_one_cm":1858883,"minecraft:walk_on_water_one_cm":44232,"minecraft:sneak_time":26575,"minecraft:interact_with_grindstone":3},"minecraft:picked_up":{"minecraft:cobblestone_wall":12,"minecraft:birch_door":2,"minecraft:sweet_berries":139,"minecraft:spruce_sapling":20,"minecraft:cobblestone":712,"minecraft:shears":1,"minecraft:glass":19,"minecraft:composter":5,"minecraft:flint":2,"minecraft:white_bed":10,"minecraft:fishing_rod":1,"minecraft:leather":8,"minecraft:brown_mushroom":3,"minecraft:stone_pickaxe":3,"minecraft:cod":10,"minecraft:iron_horse_armor":2,"minecraft:emerald":2,"minecraft:birch_stairs":1,"minecraft:black_stained_glass":3,"minecraft:oak_leaves":4,"minecraft:porkchop":23,"minecraft:ink_sac":5,"minecraft:stick":16,"minecraft:chicken":10,"minecraft:stone_shovel":3,"minecraft:arrow":9,"minecraft:iron_ingot":1,"minecraft:dark_oak_planks":2,"minecraft:raw_iron":28,"minecraft:birch_fence":1,"minecraft:hay_block":6,"minecraft:pumpkin_seeds":76,"minecraft:stone_axe":6,"minecraft:golden_leggings":2,"minecraft:wheat":64,"minecraft:mutton":13,"minecraft:chest":3,"minecraft:iron_chestplate":1,"minecraft:spruce_trapdoor":76,"minecraft:spruce_planks":42,"minecraft:spruce_leaves":4,"minecraft:dirt":876,"minecraft:brown_wool":2,"minecraft:black_dye":4,"minecraft:gravel":2,"minecraft:torch":77,"minecraft:cobblestone_stairs":4,"minecraft:spruce_log":128,"minecraft:iron_boots":2,"minecraft:leaf_litter":690,"minecraft:coal":414,"minecraft:oak_log":90,"minecraft:potato":22,"minecraft:sand":64,"minecraft:birch_planks":378,"minecraft:birch_log":120,"minecraft:furnace":4,"minecraft:wheat_seeds":134,"minecraft:shield":1,"minecraft:iron_pickaxe":2,"minecraft:pumpkin":16,"minecraft:spider_eye":2,"minecraft:spruce_stairs":3,"minecraft:dark_oak_log":1,"minecraft:diorite":258,"minecraft:wooden_pickaxe":3,"minecraft:birch_sapling":6,"minecraft:oak_boat":13,"minecraft:feather":15,"minecraft:white_wool":21,"minecraft:oak_planks":164,"minecraft:golden_helmet":2,"minecraft:crafting_table":8,"minecraft:raw_copper":18,"minecraft:oak_sapling":33,"minecraft:loom":3,"minecraft:bundle":2,"minecraft:rotten_flesh":15,"minecraft:beef":30,"minecraft:apple":3,"minecraft:string":6,"minecraft:iron_nugget":44,"minecraft:iron_helmet":1},"minecraft:mined":{"minecraft:torch":4,"minecraft:birch_stairs":1,"minecraft:spruce_log":85,"minecraft:chest":3,"minecraft:pumpkin":6,"minecraft:gravel":1,"minecraft:short_grass":33,"minecraft:brown_mushroom":2,"minecraft:loom":3,"minecraft:dirt_path":9,"minecraft:spruce_planks":27,"minecraft:crafting_table":8,"minecraft:birch_log":64,"minecraft:leaf_litter":94,"minecraft:sweet_berry_bush":38,"minecraft:large_fern":1,"minecraft:farmland":30,"minecraft:dark_oak_planks":2,"minecraft:copper_ore":3,"minecraft:birch_leaves":6,"minecraft:wall_torch":4,"minecraft:fern":1,"minecraft:birch_door":2,"minecraft:fire":6,"minecraft:potatoes":3,"minecraft:birch_planks":101,"minecraft:pumpkin_stem":3,"minecraft:iron_ore":16,"minecraft:stone":317,"minecraft:dark_oak_log":1,"minecraft:cobblestone_stairs":2,"minecraft:bush":2,"minecraft:glass":1,"minecraft:coal_ore":59,"minecraft:wheat":5,"minecraft:diorite":88,"minecraft:oak_planks":24,"minecraft:hay_block":6,"minecraft:spruce_trapdoor":42,"minecraft:white_bed":8,"minecraft:oak_leaves":16,"minecraft:furnace":4,"minecraft:spruce_stairs":3,"minecraft:composter":3,"minecraft:tall_grass":12,"minecraft:dirt":254,"minecraft:cobblestone_wall":6,"minecraft:grass_block":246,"minecraft:spruce_leaves":30,"minecraft:sand":64,"minecraft:oak_log":49},"minecraft:used":{"minecraft:stone_axe":550,"minecraft:birch_door":3,"minecraft:leaf_litter":1,"minecraft:loom":3,"minecraft:iron_pickaxe":13,"minecraft:spruce_stairs":7,"minecraft:birch_stairs":17,"minecraft:oak_boat":11,"minecraft:spruce_log":15,"minecraft:stone_shovel":518,"minecraft:birch_planks":195,"minecraft:rotten_flesh":5,"minecraft:glass":47,"minecraft:furnace":5,"minecraft:cooked_porkchop":14,"minecraft:mutton":13,"minecraft:bread":4,"minecraft:torch":9,"minecraft:dirt":173,"minecraft:stone_sword":159,"minecraft:sweet_berries":112,"minecraft:spruce_leaves":4,"minecraft:chicken":4,"minecraft:spruce_planks":252,"minecraft:birch_fence":2,"minecraft:oak_leaves":4,"minecraft:wooden_pickaxe":60,"minecraft:brown_mushroom":1,"minecraft:composter":3,"minecraft:cooked_chicken":6,"minecraft:cobblestone":14,"minecraft:shears":10,"minecraft:cooked_beef":6,"minecraft:crafting_table":9,"minecraft:chest":6,"minecraft:iron_helmet":1,"minecraft:spruce_trapdoor":20,"minecraft:iron_chestplate":1,"minecraft:oak_planks":54,"minecraft:beef":24,"minecraft:porkchop":1,"minecraft:white_bed":10,"minecraft:stone_pickaxe":433,"minecraft:black_stained_glass":5},"minecraft:broken":{"minecraft:stone_shovel":3,"minecraft:stone_axe":3,"minecraft:stone_sword":1,"minecraft:stone_pickaxe":2,"minecraft:wooden_pickaxe":1}},"DataVersion":4325}