{"stats":{"minecraft:mined":{"minecraft:torch":18,"minecraft:warped_wart_block":4,"minecraft:spruce_log":719,"minecraft:warped_roots":2,"minecraft:nether_quartz_ore":10,"minecraft:chest":1,"minecraft:warped_nylium":2,"minecraft:pumpkin":11,"minecraft:netherrack":949,"minecraft:spruce_sapling":3,"minecraft:lectern":1,"minecraft:gravel":75,"minecraft:short_grass":138,"minecraft:amethyst_block":64,"minecraft:loom":1,"minecraft:dirt_path":3,"minecraft:spruce_planks":5,"minecraft:crafting_table":25,"minecraft:birch_log":5,"minecraft:leaf_litter":6,"minecraft:sweet_berry_bush":3,"minecraft:twisting_vines_plant":4,"minecraft:large_fern":13,"minecraft:magma_block":2,"minecraft:tnt":1,"minecraft:raw_iron_block":1,"minecraft:firefly_bush":1,"minecraft:blackstone":9,"minecraft:grindstone":8,"minecraft:birch_leaves":43,"minecraft:andesite":4,"minecraft:blast_furnace":1,"minecraft:deepslate_gold_ore":20,"minecraft:wall_torch":20,"minecraft:fern":8,"minecraft:fire":59,"minecraft:smithing_table":1,"minecraft:deepslate_diamond_ore":19,"minecraft:deepslate_lapis_ore":8,"minecraft:deepslate_iron_ore":176,"minecraft:warped_stem":29,"minecraft:birch_planks":1,"minecraft:amethyst_cluster":5,"minecraft:iron_ore":86,"minecraft:stone":203,"minecraft:nether_sprouts":1,"minecraft:granite":7,"minecraft:bush":5,"minecraft:podzol":1,"minecraft:coal_ore":69,"minecraft:diorite":36,"minecraft:ancient_debris":1,"minecraft:oak_planks":47,"minecraft:cobblestone":19,"minecraft:spruce_trapdoor":9,"minecraft:sugar_cane":4,"minecraft:white_bed":7,"minecraft:kelp":1,"minecraft:oak_leaves":103,"minecraft:furnace":13,"minecraft:spruce_stairs":7,"minecraft:fletching_table":1,"minecraft:bookshelf":6,"minecraft:deepslate_copper_ore":1,"minecraft:glow_lichen":1,"minecraft:tall_grass":13,"minecraft:large_amethyst_bud":1,"minecraft:purple_bed":4,"minecraft:dirt":52,"minecraft:twisting_vines":2,"minecraft:grass_block":15,"minecraft:cobweb":24,"minecraft:spruce_leaves":140,"minecraft:cobbled_deepslate":17,"minecraft:tuff":33,"minecraft:deepslate":302,"minecraft:bell":1,"minecraft:oak_log":31,"minecraft:lapis_ore":8,"minecraft:white_tulip":1},"minecraft:picked_up":{"minecraft:sweet_berries":33,"minecraft:cobblestone":246,"minecraft:glass":18,"minecraft:flint":10,"minecraft:sugar_cane":16,"minecraft:warped_roots":2,"minecraft:bone":34,"minecraft:cooked_mutton":20,"minecraft:firefly_bush":2,"minecraft:slime_ball":11,"minecraft:iron_sword":8,"minecraft:diamond":20,"minecraft:granite":8,"minecraft:book":18,"minecraft:bow":5,"minecraft:arrow":39,"minecraft:stone_shovel":3,"minecraft:iron_ingot":53,"minecraft:raw_gold":27,"minecraft:golden_leggings":1,"minecraft:mutton":10,"minecraft:iron_chestplate":2,"minecraft:spruce_planks":9,"minecraft:dirt":296,"minecraft:torch":61,"minecraft:diamond_pickaxe":3,"minecraft:spruce_log":717,"minecraft:iron_boots":3,"minecraft:coal":82,"minecraft:oak_log":58,"minecraft:birch_planks":33,"minecraft:furnace":16,"minecraft:wheat_seeds":35,"minecraft:tnt":1,"minecraft:iron_pickaxe":2,"minecraft:quartz":63,"minecraft:egg":6,"minecraft:iron_leggings":2,"minecraft:birch_sapling":4,"minecraft:cooked_beef":9,"minecraft:white_wool":15,"minecraft:feather":3,"minecraft:warped_wart_block":4,"minecraft:fletching_table":1,"minecraft:blast_furnace":1,"minecraft:loom":1,"minecraft:andesite":6,"minecraft:ender_pearl":1,"minecraft:string":43,"minecraft:smithing_table":1,"minecraft:raw_iron_block":1,"minecraft:obsidian":7,"minecraft:amethyst_shard":20,"minecraft:iron_helmet":3,"minecraft:enchanted_book":2,"minecraft:birch_door":2,"minecraft:spruce_sapling":90,"minecraft:white_bed":7,"minecraft:fishing_rod":1,"minecraft:bucket":3,"minecraft:leather":6,"minecraft:water_bucket":1,"minecraft:stone_pickaxe":2,"minecraft:wooden_axe":2,"minecraft:iron_horse_armor":2,"minecraft:porkchop":7,"minecraft:stick":87,"minecraft:chicken":2,"minecraft:white_tulip":1,"minecraft:cooked_porkchop":28,"minecraft:twisting_vines":4,"minecraft:kelp":1,"minecraft:grindstone":9,"minecraft:raw_iron":281,"minecraft:cobbled_deepslate":294,"minecraft:diamond_chestplate":1,"minecraft:birch_fence":2,"minecraft:stone_axe":3,"minecraft:amethyst_block":64,"minecraft:wheat":1,"minecraft:spruce_door":1,"minecraft:gunpowder":22,"minecraft:chest":1,"minecraft:lectern":1,"minecraft:spruce_trapdoor":9,"minecraft:blackstone":9,"minecraft:netherrack":1058,"minecraft:magma_block":2,"minecraft:clock":2,"minecraft:gravel":68,"minecraft:bell":1,"minecraft:tuff":35,"minecraft:leaf_litter":30,"minecraft:potato":2,"minecraft:grass_block":1,"minecraft:birch_log":5,"minecraft:shield":2,"minecraft:compass":1,"minecraft:lapis_lazuli":151,"minecraft:pumpkin":22,"minecraft:spider_eye":5,"minecraft:spruce_stairs":7,"minecraft:diorite":82,"minecraft:wooden_pickaxe":1,"minecraft:oak_boat":15,"minecraft:oak_planks":104,"minecraft:golden_helmet":1,"minecraft:flint_and_steel":2,"minecraft:crafting_table":32,"minecraft:raw_copper":8,"minecraft:oak_sapling":21,"minecraft:purple_bed":4,"minecraft:warped_stem":31,"minecraft:beef":2,"minecraft:rotten_flesh":60,"minecraft:ancient_debris":3,"minecraft:apple":4,"minecraft:oak_slab":6,"minecraft:iron_nugget":22},"minecraft:killed_by":{"minecraft:creeper":1,"minecraft:zombie":2,"minecraft:cave_spider":1},"minecraft:killed":{"minecraft:slime":16,"minecraft:zombie":46,"minecraft:skeleton":29,"minecraft:creeper":12,"minecraft:zombie_villager":2,"minecraft:chicken":2,"minecraft:enderman":1,"minecraft:sheep":7,"minecraft:pig":10,"minecraft:cow":3,"minecraft:bat":1,"minecraft:spider":12},"minecraft:dropped":{"minecraft:rotten_flesh":12,"minecraft:stone_shovel":1,"minecraft:iron_helmet":1,"minecraft:andesite":2,"minecraft:sweet_berries":17,"minecraft:wheat":1,"minecraft:clock":1,"minecraft:birch_planks":4,"minecraft:bow":1,"minecraft:kelp":1,"minecraft:bucket":1,"minecraft:dirt":5,"minecraft:leather":3,"minecraft:wheat_seeds":15,"minecraft:flint_and_steel":2,"minecraft:granite":1,"minecraft:iron_nugget":22,"minecraft:stone_pickaxe":2,"minecraft:potato":2,"minecraft:warped_wart_block":4,"minecraft:apple":1,"minecraft:diamond_pickaxe":2,"minecraft:tuff":2,"minecraft:leaf_litter":3,"minecraft:string":5,"minecraft:wooden_pickaxe":1,"minecraft:iron_leggings":1,"minecraft:flint":2,"minecraft:iron_sword":10,"minecraft:golden_leggings":1,"minecraft:oak_slab":6,"minecraft:arrow":3,"minecraft:iron_horse_armor":2,"minecraft:golden_helmet":1,"minecraft:wooden_axe":1,"minecraft:spider_eye":2,"minecraft:netherrack":196,"minecraft:iron_boots":2,"minecraft:mutton":1,"minecraft:diorite":3},"minecraft:custom":{"minecraft:time_since_rest":2802,"minecraft:talked_to_villager":53,"minecraft:leave_game":9,"minecraft:damage_taken":6830,"minecraft:mob_kills":148,"minecraft:boat_one_cm":260922,"minecraft:time_since_death":211791,"minecraft:interact_with_furnace":100,"minecraft:interact_with_smithing_table":1,"minecraft:sleep_in_bed":21,"minecraft:swim_one_cm":109867,"minecraft:total_world_time":620621,"minecraft:crouch_one_cm":242317,"minecraft:climb_one_cm":1579,"minecraft:deaths":8,"minecraft:player_kills":2,"minecraft:traded_with_villager":180,"minecraft:damage_blocked_by_shield":3091,"minecraft:interact_with_crafting_table":90,"minecraft:walk_one_cm":1083908,"minecraft:walk_under_water_one_cm":37421,"minecraft:damage_dealt":21685,"minecraft:play_time":620621,"minecraft:jump":8534,"minecraft:drop":90,"minecraft:interact_with_cartography_table":1,"minecraft:bell_ring":118,"minecraft:sprint_one_cm":1034891,"minecraft:open_chest":134,"minecraft:fall_one_cm":202372,"minecraft:fly_one_cm":1314079,"minecraft:interact_with_anvil":6,"minecraft:walk_on_water_one_cm":32425,"minecraft:sneak_time":82821,"minecraft:interact_with_blast_furnace":10,"minecraft:interact_with_grindstone":1},"minecraft:crafted":{"minecraft:wooden_axe":1,"minecraft:gold_ingot":7,"minecraft:warped_planks":24,"minecraft:iron_chestplate":2,"minecraft:stick":5756,"minecraft:smooth_stone_slab":6,"minecraft:cooked_porkchop":5,"minecraft:iron_helmet":4,"minecraft:diamond_axe":1,"minecraft:iron_block":3,"minecraft:diamond_pickaxe":1,"minecraft:chest":4,"minecraft:lightning_rod":1,"minecraft:stone_slab":6,"minecraft:air":0,"minecraft:bow":2,"minecraft:bucket":2,"minecraft:flint_and_steel":2,"minecraft:oak_boat":3,"minecraft:wooden_hoe":1,"minecraft:oak_planks":112,"minecraft:iron_sword":9,"minecraft:stone_shovel":1,"minecraft:cooked_chicken":2,"minecraft:birch_planks":20,"minecraft:stone_pickaxe":2,"minecraft:cooked_mutton":5,"minecraft:iron_boots":4,"minecraft:anvil":1,"minecraft:smooth_stone":3,"minecraft:charcoal":5,"minecraft:wooden_pickaxe":3,"minecraft:fletching_table":3,"minecraft:oak_slab":6,"minecraft:diamond_chestplate":1,"minecraft:emerald":180,"minecraft:armor_stand":2,"minecraft:raw_iron":9,"minecraft:furnace":2,"minecraft:iron_ingot":237,"minecraft:copper_ingot":4,"minecraft:stone":6,"minecraft:crafting_table":4,"minecraft:torch":312,"minecraft:white_bed":1,"minecraft:shield":2,"minecraft:stone_axe":4,"minecraft:spruce_planks":2868,"minecraft:iron_pickaxe":5,"minecraft:iron_axe":1,"minecraft:iron_leggings":3},"minecraft:broken":{"minecraft:stone_axe":3,"minecraft:iron_pickaxe":2,"minecraft:stone_pickaxe":1,"minecraft:iron_sword":1},"minecraft:used":{"minecraft:stone_axe":395,"minecraft:birch_sapling":4,"minecraft:iron_axe":106,"minecraft:grass_block":1,"minecraft:leaf_litter":20,"minecraft:shield":113,"minecraft:iron_pickaxe":1012,"minecraft:spruce_stairs":5,"minecraft:andesite":4,"minecraft:oak_boat":15,"minecraft:iron_sword":341,"minecraft:purple_bed":4,"minecraft:wooden_axe":31,"minecraft:diamond_pickaxe":859,"minecraft:cooked_mutton":20,"minecraft:cooked_porkchop":32,"minecraft:granite":5,"minecraft:magma_block":2,"minecraft:blast_furnace":1,"minecraft:tuff":33,"minecraft:sweet_berries":11,"minecraft:diorite":10,"minecraft:firefly_bush":1,"minecraft:oak_slab":1,"minecraft:wooden_pickaxe":22,"minecraft:spruce_door":1,"minecraft:smithing_table":1,"minecraft:oak_log":1,"minecraft:cobblestone":179,"minecraft:diamond_chestplate":1,"minecraft:warped_roots":2,"minecraft:golden_apple":1,"minecraft:grindstone":4,"minecraft:diamond_axe":514,"minecraft:crafting_table":29,"minecraft:spruce_trapdoor":6,"minecraft:white_bed":7,"minecraft:stone_pickaxe":224,"minecraft:armor_stand":2,"minecraft:bow":28,"minecraft:cobbled_deepslate":169,"minecraft:netherrack":545,"minecraft:loom":1,"minecraft:apple":7,"minecraft:lightning_rod":1,"minecraft:stone_shovel":41,"minecraft:birch_planks":1,"minecraft:rotten_flesh":33,"minecraft:water_bucket":80,"minecraft:fletching_table":4,"minecraft:anvil":1,"minecraft:bell":1,"minecraft:furnace":12,"minecraft:mutton":1,"minecraft:torch":362,"minecraft:bread":4,"minecraft:dirt":234,"minecraft:iron_boots":2,"minecraft:spruce_planks":30,"minecraft:gravel":67,"minecraft:cooked_chicken":1,"minecraft:cooked_beef":7,"minecraft:flint_and_steel":50,"minecraft:bucket":82,"minecraft:chest":5,"minecraft:iron_helmet":2,"minecraft:oak_planks":9,"minecraft:spruce_sapling":51,"minecraft:oak_sapling":7,"minecraft:egg":6,"minecraft:smooth_stone_slab":4}},"DataVersion":4325}