{"stats":{"minecraft:mined":{"minecraft:torch":7,"minecraft:oak_fence_gate":3,"minecraft:spruce_log":155,"minecraft:chest":3,"minecraft:vine":1,"minecraft:smooth_basalt":8,"minecraft:oak_slab":7,"minecraft:spruce_sapling":1,"minecraft:gravel":21,"minecraft:short_grass":10,"minecraft:dirt_path":3,"minecraft:spruce_planks":7,"minecraft:crafting_table":6,"minecraft:deepslate_redstone_ore":27,"minecraft:leaf_litter":13,"minecraft:sweet_berry_bush":3,"minecraft:blue_bed":4,"minecraft:birch_leaves":2,"minecraft:andesite":19,"minecraft:oak_fence":3,"minecraft:deepslate_gold_ore":27,"minecraft:wall_torch":2,"minecraft:fern":4,"minecraft:stone_brick_stairs":13,"minecraft:deepslate_lapis_ore":7,"minecraft:deepslate_diamond_ore":31,"minecraft:deepslate_iron_ore":43,"minecraft:iron_ore":22,"minecraft:stone":186,"minecraft:granite":19,"minecraft:podzol":4,"minecraft:coal_ore":96,"minecraft:diorite":7,"minecraft:oak_planks":27,"minecraft:cobblestone":9,"minecraft:kelp":3,"minecraft:oak_leaves":44,"minecraft:furnace":1,"minecraft:tall_grass":2,"minecraft:oak_stairs":9,"minecraft:dirt":112,"minecraft:mossy_cobblestone":2,"minecraft:grass_block":24,"minecraft:stone_brick_slab":3,"minecraft:spruce_leaves":65,"minecraft:tuff":21,"minecraft:deepslate":190,"minecraft:sand":78,"minecraft:calcite":1,"minecraft:oak_log":181},"minecraft:picked_up":{"minecraft:sweet_berries":41,"minecraft:oak_fence_gate":3,"minecraft:spruce_sapling":21,"minecraft:cobblestone":213,"minecraft:flint":1,"minecraft:leather":11,"minecraft:bone":23,"minecraft:redstone":172,"minecraft:stone_pickaxe":2,"minecraft:cooked_mutton":26,"minecraft:lantern":15,"minecraft:diamond":33,"minecraft:granite":19,"minecraft:stone_brick_slab":3,"minecraft:porkchop":9,"minecraft:stick":18,"minecraft:chicken":4,"minecraft:bow":1,"minecraft:smooth_basalt":8,"minecraft:arrow":20,"minecraft:stone_shovel":4,"minecraft:kelp":6,"minecraft:raw_iron":83,"minecraft:cobbled_deepslate":333,"minecraft:raw_gold":75,"minecraft:stone_sword":1,"minecraft:pumpkin_seeds":8,"minecraft:stone_axe":1,"minecraft:mossy_cobblestone":2,"minecraft:mutton":13,"minecraft:chest":7,"minecraft:spruce_planks":190,"minecraft:dirt":187,"minecraft:stonecutter":3,"minecraft:gravel":29,"minecraft:torch":10,"minecraft:spruce_log":154,"minecraft:tuff":21,"minecraft:oak_stairs":133,"minecraft:leaf_litter":38,"minecraft:coal":101,"minecraft:oak_log":181,"minecraft:oak_fence":33,"minecraft:sand":76,"minecraft:furnace":2,"minecraft:wheat_seeds":5,"minecraft:lapis_lazuli":47,"minecraft:iron_pickaxe":4,"minecraft:compass":2,"minecraft:spider_eye":1,"minecraft:egg":5,"minecraft:diorite":14,"minecraft:wooden_pickaxe":1,"minecraft:feather":4,"minecraft:white_wool":9,"minecraft:oak_planks":146,"minecraft:crafting_table":7,"minecraft:oak_sapling":3,"minecraft:stone_brick_stairs":13,"minecraft:andesite":19,"minecraft:rotten_flesh":12,"minecraft:beef":29,"minecraft:apple":1,"minecraft:string":7,"minecraft:oak_slab":136,"minecraft:calcite":3,"minecraft:blue_bed":4},"minecraft:killed":{"minecraft:zombie":14,"minecraft:pillager":1,"minecraft:horse":1,"minecraft:skeleton":9,"minecraft:creeper":1,"minecraft:chicken":4,"minecraft:sheep":6,"minecraft:pig":5,"minecraft:cow":10,"minecraft:spider":4},"minecraft:dropped":{"minecraft:rotten_flesh":6,"minecraft:wheat_seeds":1,"minecraft:iron_ingot":3,"minecraft:mutton":4,"minecraft:cooked_porkchop":4,"minecraft:cobbled_deepslate":6,"minecraft:bone":5,"minecraft:diorite":7,"minecraft:oak_sapling":1},"minecraft:custom":{"minecraft:time_since_rest":51308,"minecraft:leave_game":9,"minecraft:damage_taken":2532,"minecraft:mob_kills":56,"minecraft:boat_one_cm":8556,"minecraft:time_since_death":268337,"minecraft:interact_with_furnace":93,"minecraft:sleep_in_bed":14,"minecraft:swim_one_cm":4950,"minecraft:total_world_time":301059,"minecraft:crouch_one_cm":8800,"minecraft:deaths":1,"minecraft:climb_one_cm":9643,"minecraft:interact_with_stonecutter":4,"minecraft:damage_blocked_by_shield":848,"minecraft:interact_with_crafting_table":57,"minecraft:walk_one_cm":814780,"minecraft:walk_under_water_one_cm":26774,"minecraft:damage_dealt":8415,"minecraft:play_time":301059,"minecraft:jump":3440,"minecraft:drop":14,"minecraft:sprint_one_cm":717984,"minecraft:open_chest":59,"minecraft:fall_one_cm":78339,"minecraft:fly_one_cm":338494,"minecraft:walk_on_water_one_cm":48393,"minecraft:sneak_time":5016},"minecraft:crafted":{"minecraft:stone_sword":1,"minecraft:stone_brick_wall":16,"minecraft:diamond_boots":1,"minecraft:stone_pickaxe":3,"minecraft:cooked_mutton":9,"minecraft:iron_chestplate":1,"minecraft:iron_boots":1,"minecraft:stick":112,"minecraft:wooden_pickaxe":1,"minecraft:oak_fence_gate":17,"minecraft:cooked_beef":16,"minecraft:oak_door":3,"minecraft:stone_brick_slab":24,"minecraft:oak_slab":156,"minecraft:oak_fence":30,"minecraft:cooked_porkchop":9,"minecraft:iron_helmet":1,"minecraft:diamond_pickaxe":1,"minecraft:chest":8,"minecraft:diamond_chestplate":1,"minecraft:oak_wood":3,"minecraft:diamond_sword":1,"minecraft:air":0,"minecraft:stone_brick_stairs":6,"minecraft:furnace":6,"minecraft:oak_stairs":124,"minecraft:spruce_trapdoor":104,"minecraft:iron_ingot":38,"minecraft:diamond_helmet":1,"minecraft:stone":80,"minecraft:crafting_table":4,"minecraft:diamond_leggings":1,"minecraft:torch":64,"minecraft:white_bed":1,"minecraft:oak_trapdoor":8,"minecraft:shield":1,"minecraft:stone_axe":1,"minecraft:oak_planks":704,"minecraft:spruce_planks":580,"minecraft:iron_pickaxe":2,"minecraft:iron_sword":1,"minecraft:iron_axe":1,"minecraft:iron_leggings":1},"minecraft:broken":{"minecraft:stone_shovel":1,"minecraft:iron_axe":1,"minecraft:stone_axe":1,"minecraft:stone_sword":1,"minecraft:stone_pickaxe":2},"minecraft:used":{"minecraft:stone_axe":132,"minecraft:stone_brick_wall":2,"minecraft:oak_fence":24,"minecraft:oak_trapdoor":2,"minecraft:iron_axe":256,"minecraft:shield":25,"minecraft:iron_pickaxe":296,"minecraft:andesite":16,"minecraft:diamond_sword":27,"minecraft:iron_sword":80,"minecraft:stone_brick_slab":13,"minecraft:diamond_pickaxe":81,"minecraft:cooked_mutton":15,"minecraft:cooked_porkchop":5,"minecraft:tuff":16,"minecraft:stone_sword":112,"minecraft:oak_slab":90,"minecraft:wooden_pickaxe":18,"minecraft:oak_log":4,"minecraft:cobblestone":107,"minecraft:stonecutter":1,"minecraft:crafting_table":9,"minecraft:spruce_trapdoor":29,"minecraft:iron_chestplate":1,"minecraft:oak_fence_gate":20,"minecraft:white_bed":1,"minecraft:stone_pickaxe":348,"minecraft:iron_leggings":1,"minecraft:mossy_cobblestone":1,"minecraft:spruce_log":9,"minecraft:stone_shovel":180,"minecraft:rotten_flesh":6,"minecraft:smooth_basalt":8,"minecraft:furnace":7,"minecraft:blue_bed":4,"minecraft:torch":74,"minecraft:dirt":121,"minecraft:iron_boots":1,"minecraft:sand":4,"minecraft:spruce_planks":25,"minecraft:gravel":5,"minecraft:oak_stairs":62,"minecraft:cooked_beef":16,"minecraft:stone_brick_stairs":41,"minecraft:chest":7,"minecraft:iron_helmet":1,"minecraft:oak_planks":64,"minecraft:spruce_sapling":17,"minecraft:egg":1}},"DataVersion":4325}